[
    {
        "filename": "gg",
        "uncertainty": "1.2235854"
    },
    {
        "filename": "gg",
        "uncertainty": "1.229763"
    },
    {
        "filename": "gg",
        "uncertainty": "1.2407129"
    },
    {
        "filename": "gg",
        "uncertainty": "1.2416548"
    },
    {
        "filename": "gg",
        "uncertainty": "1.243398"
    },
    {
        "filename": "gg",
        "uncertainty": "1.2468234"
    },
    {
        "filename": "gg",
        "uncertainty": "1.2489226"
    },
    {
        "filename": "gg",
        "uncertainty": "1.2493404"
    },
    {
        "filename": "gg",
        "uncertainty": "1.2494142"
    },
    {
        "filename": "gg",
        "uncertainty": "1.2503402"
    },
    {
        "filename": "gg",
        "uncertainty": "1.252554"
    },
    {
        "filename": "gg",
        "uncertainty": "1.2529519"
    },
    {
        "filename": "gg",
        "uncertainty": "1.2534932"
    },
    {
        "filename": "gg",
        "uncertainty": "1.2550224"
    },
    {
        "filename": "gg",
        "uncertainty": "1.2587018"
    },
    {
        "filename": "gg",
        "uncertainty": "1.2588983"
    },
    {
        "filename": "gg",
        "uncertainty": "1.2592013"
    },
    {
        "filename": "gg",
        "uncertainty": "1.2595549"
    },
    {
        "filename": "gg",
        "uncertainty": "1.2600787"
    },
    {
        "filename": "gg",
        "uncertainty": "1.2608378"
    },
    {
        "filename": "gg",
        "uncertainty": "1.26122"
    },
    {
        "filename": "gg",
        "uncertainty": "1.2613642"
    },
    {
        "filename": "gg",
        "uncertainty": "1.2627034"
    },
    {
        "filename": "gg",
        "uncertainty": "1.2629558"
    },
    {
        "filename": "gg",
        "uncertainty": "1.2631973"
    },
    {
        "filename": "gg",
        "uncertainty": "1.2638621"
    },
    {
        "filename": "gg",
        "uncertainty": "1.2645291"
    },
    {
        "filename": "gg",
        "uncertainty": "1.2645819"
    },
    {
        "filename": "gg",
        "uncertainty": "1.2652526"
    },
    {
        "filename": "gg",
        "uncertainty": "1.2661507"
    }
]